Date,Name,Year,Letterboxd URI,Rating
2022-04-25,Shang-Chi and the Legend of the Ten Rings,2021,https://boxd.it/kLDI,3
2022-04-25,Parasite,2019,https://boxd.it/hTha,4.5
2022-04-25,Eighth Grade,2018,https://boxd.it/hDMG,5
2022-04-25,Coco,2017,https://boxd.it/bYJQ,3
2022-04-25,Your Name.,2016,https://boxd.it/cUqs,4
2022-04-25,Whiplash,2014,https://boxd.it/7bQA,4.5
2022-04-25,Inception,2010,https://boxd.it/1skk,5
2022-04-25,The Dark Knight,2008,https://boxd.it/2b0k,5
2022-04-25,No Country for Old Men,2007,https://boxd.it/21ew,4
2022-04-25,The Departed,2006,https://boxd.it/28MA,4.5
2022-04-25,The Lord of the Rings: The Return of the King,2003,https://boxd.it/2b5u,4.5
2022-04-25,The Lord of the Rings: The Two Towers,2002,https://boxd.it/2b5E,4.5
2022-04-25,The Pianist,2002,https://boxd.it/2aqc,2.5
2022-04-25,The Lord of the Rings: The Fellowship of the Ring,2001,https://boxd.it/2b5O,4.5
2022-04-25,Requiem for a Dream,2000,https://boxd.it/29VI,4
2022-04-25,Fight Club,1999,https://boxd.it/2a9q,4
2022-04-25,The Iron Giant,1999,https://boxd.it/1Wow,3
2022-04-25,Saving Private Ryan,1998,https://boxd.it/29ro,4.5
2022-04-25,Good Will Hunting,1997,https://boxd.it/2ahY,4.5
2022-04-25,Princess Mononoke,1997,https://boxd.it/2b4w,3
2022-04-25,Toy Story,1995,https://boxd.it/29qA,3.5
2022-04-25,Heat,1995,https://boxd.it/2bg8,3
2022-04-25,Se7en,1995,https://boxd.it/29zs,4
2022-04-25,The Shawshank Redemption,1994,https://boxd.it/2aHi,5
2022-04-25,Pulp Fiction,1994,https://boxd.it/29Pq,4.5
2022-04-25,The Lion King,1994,https://boxd.it/201Q,3
2022-04-25,The Silence of the Lambs,1991,https://boxd.it/2aHW,4
2022-04-25,The Shining,1980,https://boxd.it/29Nu,4
2022-04-25,The Empire Strikes Back,1980,https://boxd.it/27Vw,4.5
2022-04-25,Alien,1979,https://boxd.it/2awY,3.5
2022-04-25,Star Wars,1977,https://boxd.it/72s,4.5
2022-04-25,A Clockwork Orange,1971,https://boxd.it/2aVE,4.5
2022-04-25,2001: A Space Odyssey,1968,https://boxd.it/2bf0,3
2022-04-25,The Batman,2022,https://boxd.it/eDGs,3
2022-04-25,Interstellar,2014,https://boxd.it/4VZ8,5
2022-04-25,Gone Girl,2014,https://boxd.it/6hQu,5
2022-04-25,The Rocky Horror Picture Show,1975,https://boxd.it/1a3q,0.5
2022-04-25,American History X,1998,https://boxd.it/2bdo,4.5
2022-06-01,Come and See,1985,https://boxd.it/1w9q,4.5
2022-06-01,Perfect Blue,1997,https://boxd.it/1W7A,4
2022-06-01,The Thing,1982,https://boxd.it/294O,3.5
2022-06-01,Casablanca,1942,https://boxd.it/2aG0,2
2022-06-01,Akira,1988,https://boxd.it/2b1i,3.5
2022-06-01,Prisoners,2013,https://boxd.it/4E5i,3.5
2022-06-01,Back to the Future,1985,https://boxd.it/2b8e,1.5
2022-06-01,The Truman Show,1998,https://boxd.it/18U8,4
2022-06-01,The Matrix,1999,https://boxd.it/2a1m,5
2022-06-01,Django Unchained,2012,https://boxd.it/2cCk,4.5
2022-06-01,Raiders of the Lost Ark,1981,https://boxd.it/2bbs,3
2022-06-01,Dead Poets Society,1989,https://boxd.it/2aSg,3
2022-06-01,The Worst Person in the World,2021,https://boxd.it/oyws,4.5
2022-06-01,Kill Bill: Vol. 1,2003,https://boxd.it/70w,5
2022-06-01,Pan's Labyrinth,2006,https://boxd.it/28No,3.5
2022-06-01,Ratatouille,2007,https://boxd.it/27ww,3.5
2022-06-01,WALL·E,2008,https://boxd.it/1VEo,4
2022-06-01,The Prestige,2006,https://boxd.it/293w,3.5
2022-06-01,Reservoir Dogs,1992,https://boxd.it/2agc,4
2022-06-01,Forrest Gump,1994,https://boxd.it/728,4
2022-06-01,The Green Mile,1999,https://boxd.it/2agG,4
2022-06-01,A Silent Voice,2016,https://boxd.it/d99c,4
2022-06-01,Up,2009,https://boxd.it/1OEc,3
2022-06-01,The Incredibles,2004,https://boxd.it/1XLm,4
2022-06-01,Harry Potter and the Prisoner of Azkaban,2004,https://boxd.it/29Qy,3.5
2022-06-01,Blade Runner 2049,2017,https://boxd.it/b8wK,4.5
2022-06-01,Coraline,2009,https://boxd.it/1NhQ,4.5
2022-06-01,Blade Runner,1982,https://boxd.it/2bcA,3
2022-06-01,Jurassic Park,1993,https://boxd.it/2aA2,3.5
2022-06-01,Memento,2000,https://boxd.it/2bcK,4
2022-06-01,Spider-Man: No Way Home,2021,https://boxd.it/nwRw,3.5
2022-06-01,Shutter Island,2010,https://boxd.it/1U82,4.5
2022-06-01,Hunt for the Wilderpeople,2016,https://boxd.it/cTgG,3.5
2022-06-01,Her,2013,https://boxd.it/4O24,4.5
2022-06-01,Klaus,2019,https://boxd.it/ipoi,4.5
2022-06-01,"Monsters, Inc.",2001,https://boxd.it/2a46,5
2022-06-01,Logan,2017,https://boxd.it/7Piy,3.5
2022-06-01,Die Hard,1988,https://boxd.it/2a7u,3
2022-06-06,Finding Nemo,2003,https://boxd.it/72i,4
2022-06-06,The Intouchables,2011,https://boxd.it/2FT0,4
2022-06-06,Indiana Jones and the Last Crusade,1989,https://boxd.it/2baO,3.5
2022-06-06,Scream,1996,https://boxd.it/24EC,2.5
2022-06-06,Ghost in the Shell,1995,https://boxd.it/1YYc,3.5
2022-06-06,Hereditary,2018,https://boxd.it/hNVe,3.5
2022-06-06,The Wolf of Wall Street,2013,https://boxd.it/3C1m,4
2022-06-06,Return of the Jedi,1983,https://boxd.it/27Vm,4
2022-06-06,Kill Bill: Vol. 2,2004,https://boxd.it/2au4,4
2022-06-06,10 Things I Hate About You,1999,https://boxd.it/23AO,3
2022-06-06,Dune,2021,https://boxd.it/fA7G,3
2022-06-06,Avengers: Infinity War,2018,https://boxd.it/9vEe,3.5
2022-06-06,Gladiator,2000,https://boxd.it/2b9m,3
2022-06-06,Toy Story 3,2010,https://boxd.it/1WRe,3.5
2022-06-06,Shrek,2001,https://boxd.it/29zi,4
2022-06-06,The Usual Suspects,1995,https://boxd.it/29XE,4.5
2022-06-06,American Beauty,1999,https://boxd.it/71Y,4.5
2022-06-06,Donnie Darko,2001,https://boxd.it/2b2A,4.5
2022-06-06,The Social Network,2010,https://boxd.it/17ue,4.5
2022-06-06,The Sixth Sense,1999,https://boxd.it/29Js,4
2022-06-06,La La Land,2016,https://boxd.it/a5fa,4
2022-06-06,American Psycho,2000,https://boxd.it/28Vs,3
2022-06-06,Toy Story 2,1999,https://boxd.it/29qq,3
2022-07-19,Scream,2022,https://boxd.it/o0lg,2
2022-07-19,The Matrix Resurrections,2021,https://boxd.it/n87k,2
2022-07-19,Don't Look Up,2021,https://boxd.it/o0Hc,2.5
2022-07-19,Red Notice,2021,https://boxd.it/ixtq,2
2022-07-19,Finch,2021,https://boxd.it/iXBq,3
2022-07-19,Encanto,2021,https://boxd.it/kPRu,3
2022-07-19,Eternals,2021,https://boxd.it/j36o,2.5
2022-07-19,No Time to Die,2021,https://boxd.it/cPX2,2
2022-07-19,A Beautiful Day in the Neighborhood,2019,https://boxd.it/i7vA,4
2022-07-19,Gemini Man,2019,https://boxd.it/gaUu,1.5
2022-07-19,Zombieland: Double Tap,2019,https://boxd.it/bgb6,2
2022-07-19,Terminator: Dark Fate,2019,https://boxd.it/96YI,2.5
2022-07-19,Birds of Prey (and the Fantabulous Emancipation of One Harley Quinn),2020,https://boxd.it/hSyO,1
2022-07-19,Tenet,2020,https://boxd.it/leq4,3.5
2022-07-19,Wonder Woman 1984,2020,https://boxd.it/gBtA,2
2022-07-19,Black Widow,2021,https://boxd.it/hWV8,2
2022-07-19,Free Guy,2021,https://boxd.it/k8dm,3
2022-07-19,Joker,2019,https://boxd.it/h4cS,4
2022-07-19,Ad Astra,2019,https://boxd.it/ePzI,2.5
2022-07-19,It Chapter Two,2019,https://boxd.it/h10u,2.5
2022-07-19,Spider-Man: Far from Home,2019,https://boxd.it/fegG,3.5
2022-07-19,Toy Story 4,2019,https://boxd.it/9ALu,2.5
2022-07-19,Dark Phoenix,2019,https://boxd.it/anyO,2
2022-08-31,Inglourious Basterds,2009,https://boxd.it/1JzG,4
2022-08-31,Marley & Me,2008,https://boxd.it/1Ola,1
2022-08-31,Everything Everywhere All at Once,2022,https://boxd.it/jUk4,4.5
2022-09-20,PlayTime,1967,https://boxd.it/1WLK,0.5
2022-09-20,Star Wars: The Rise of Skywalker,2019,https://boxd.it/5xlK,1
2022-09-20,The Emperor's New Groove,2000,https://boxd.it/1Tey,3
2022-09-20,9,2009,https://boxd.it/1Scm,3.5
2022-09-20,Ice Age,2002,https://boxd.it/2apS,3.5
2022-09-20,The Blair Witch Project,1999,https://boxd.it/26ua,3
2022-09-20,Scary Movie 2,2001,https://boxd.it/24Cw,2
2022-09-20,Scary Movie 3,2003,https://boxd.it/24Be,2
2022-09-20,Cloverfield,2008,https://boxd.it/2192,3
2022-09-20,Liar Liar,1997,https://boxd.it/28sg,3
2022-09-20,The Purge,2013,https://boxd.it/4Xg0,2
2022-09-20,Madagascar,2005,https://boxd.it/29dc,2.5
2022-09-20,Child's Play,1988,https://boxd.it/1VTo,2.5
2022-09-20,The Simpsons Movie,2007,https://boxd.it/6YU,2.5
2022-09-20,Johnny English,2003,https://boxd.it/1YyI,3
2022-09-20,Jumper,2008,https://boxd.it/20ss,3.5
2022-09-20,Men in Black II,2002,https://boxd.it/2a0y,2.5
2022-09-20,Scary Movie,2000,https://boxd.it/24CG,3
2022-09-20,Tarzan,1999,https://boxd.it/18YO,2.5
2022-09-20,Zombieland,2009,https://boxd.it/1En6,3
2022-09-20,Not Another Teen Movie,2001,https://boxd.it/1TWq,1.5
2022-09-20,Lucy,2014,https://boxd.it/75hu,2
2022-09-20,Radio Rebel,2012,https://boxd.it/39mq,2
2022-09-20,Cloudy with a Chance of Meatballs,2009,https://boxd.it/1A40,2.5
2022-09-20,Kung Fu Panda,2008,https://boxd.it/1Yws,4
2022-09-20,Paul Blart: Mall Cop,2009,https://boxd.it/1NQw,2
2022-09-20,Monster House,2006,https://boxd.it/1Z2e,2.5
2022-09-20,Bee Movie,2007,https://boxd.it/22Vw,2
2022-09-20,A Nightmare on Elm Street,1984,https://boxd.it/2aw0,3
2022-09-20,Halloween,1978,https://boxd.it/2wRu,2
2022-09-20,The Grudge,2004,https://boxd.it/27Jq,3.5
2022-09-20,Bad Teacher,2011,https://boxd.it/yXA,3
2022-09-20,Fantastic Four: Rise of the Silver Surfer,2007,https://boxd.it/27Ii,2.5
2022-09-20,Happy Gilmore,1996,https://boxd.it/1Yey,2.5
2022-09-20,Hancock,2008,https://boxd.it/1Zv6,3.5
2022-09-20,Jurassic Park III,2001,https://boxd.it/2azI,2.5
2022-09-20,Journey to the Center of the Earth,2008,https://boxd.it/38EI,2.5
2022-09-20,Big Daddy,1999,https://boxd.it/1ZkW,3
2022-09-20,Shrek Forever After,2010,https://boxd.it/1WRo,2
2022-09-20,Shrek the Third,2007,https://boxd.it/29yY,2
2022-09-20,Shrek 2,2004,https://boxd.it/29z8,3
2022-09-20,Mr. Popper's Penguins,2011,https://boxd.it/kRS,2.5
2022-09-20,Home,2015,https://boxd.it/6JxA,3
2022-09-20,Monsters vs Aliens,2009,https://boxd.it/1M50,2
2022-09-20,Austin Powers: International Man of Mystery,1997,https://boxd.it/29y0,2.5
2022-09-20,Taken,2008,https://boxd.it/1ZXa,2.5
2022-09-20,The Boy in the Striped Pyjamas,2008,https://boxd.it/1NOK,2.5
2022-09-20,Due Date,2010,https://boxd.it/YFs,2.5
2022-09-20,American Pie,1999,https://boxd.it/27qy,2.5
2022-09-20,Anchorman: The Legend of Ron Burgundy,2004,https://boxd.it/1ZVo,2.5
2022-09-20,Despicable Me,2010,https://boxd.it/1DD8,3
2022-09-20,The Cabin in the Woods,2011,https://boxd.it/1zOc,3
2022-09-20,Inside Out,2015,https://boxd.it/4KHC,3.5
2022-09-20,Ghost Rider: Spirit of Vengeance,2011,https://boxd.it/2qne,1.5
2022-09-20,The Cable Guy,1996,https://boxd.it/1XAI,2
2022-09-20,Megamind,2010,https://boxd.it/16Sk,4
2022-09-20,Legally Blonde,2001,https://boxd.it/1ZNa,1.5
2022-09-20,Police Academy,1984,https://boxd.it/1YWg,2.5
2022-09-20,The Bucket List,2007,https://boxd.it/20Ye,3
2022-09-20,Predestination,2014,https://boxd.it/6bJM,1.5
2022-09-20,Bridget Jones's Diary,2001,https://boxd.it/29WQ,2.5
2022-09-20,Maleficent,2014,https://boxd.it/3v1u,3
2022-09-20,Finding Dory,2016,https://boxd.it/4aAA,2.5
2022-09-20,Mean Girls,2004,https://boxd.it/1VNg,2.5
2022-09-20,Men in Black,1997,https://boxd.it/2a0I,3
2022-09-20,How to Train Your Dragon,2010,https://boxd.it/1WRy,4
2022-09-20,The Breakfast Club,1985,https://boxd.it/27q4,3.5
2022-09-20,After Earth,2013,https://boxd.it/2TSg,1
2022-09-20,The Invention of Lying,2009,https://boxd.it/1zGs,2
2022-09-20,Sky High,2005,https://boxd.it/1TNI,1
2022-09-20,The Hangover Part III,2013,https://boxd.it/3GNY,2.5
2022-09-20,The Hangover,2009,https://boxd.it/1GjK,3
2022-09-20,Tangled,2010,https://boxd.it/15gO,2.5
2022-09-20,AVP: Alien vs. Predator,2004,https://boxd.it/2atU,2.5
2022-09-20,About a Boy,2002,https://boxd.it/2aMC,2.5
2022-09-20,Zathura: A Space Adventure,2005,https://boxd.it/21mq,2.5
2022-09-20,Still Alice,2014,https://boxd.it/8Nhq,3
2022-09-20,Bruce Almighty,2003,https://boxd.it/2aCC,3
2022-09-20,The Mask,1994,https://boxd.it/29rS,3.5
2022-09-20,I Am Legend,2007,https://boxd.it/21DG,4
2022-09-20,Wreck-It Ralph,2012,https://boxd.it/2TTS,3.5
2022-09-20,It Follows,2014,https://boxd.it/87wo,3
2022-09-20,John Wick,2014,https://boxd.it/7dEc,3.5
2022-09-20,The NeverEnding Story,1984,https://boxd.it/1dE0,3
2022-09-20,Cars 3,2017,https://boxd.it/7IPq,3
2022-09-20,Grown Ups,2010,https://boxd.it/169a,3
2022-09-20,How to Train Your Dragon 2,2014,https://boxd.it/2TRW,3
2022-09-20,Frozen,2013,https://boxd.it/3GNa,3
2022-09-20,Big Hero 6,2014,https://boxd.it/5rje,3.5
2022-09-20,When Marnie Was There,2014,https://boxd.it/78pm,3.5
2022-09-20,Kick-Ass 2,2013,https://boxd.it/hqu,3
2022-09-20,Saw,2004,https://boxd.it/2aWW,3.5
2022-09-20,Home Alone,1990,https://boxd.it/29Fg,3.5
2022-09-20,The Perks of Being a Wallflower,2012,https://boxd.it/2ZA8,4
2022-09-20,The Day the Earth Stood Still,2008,https://boxd.it/1WQ6,3
2022-09-20,Yes Man,2008,https://boxd.it/1WPW,3
2022-09-20,X-Men: The Last Stand,2006,https://boxd.it/1a5Q,3
2022-09-20,How the Grinch Stole Christmas,2000,https://boxd.it/1ZHQ,4
2022-09-20,Jumanji,1995,https://boxd.it/1ZLI,2.5
2022-09-20,X-Men,2000,https://boxd.it/1a7s,2
2022-09-20,Monsters University,2013,https://boxd.it/bQm,3
2022-09-20,10 Cloverfield Lane,2016,https://boxd.it/aZiu,3
2022-09-20,Get Out,2017,https://boxd.it/eOCm,4
2022-09-20,Deep Blue Sea,1999,https://boxd.it/1ZBo,2
2022-09-20,Focus,2015,https://boxd.it/7zl2,2
2022-09-20,Limitless,2011,https://boxd.it/Aly,2
2022-09-20,The Greatest Showman,2017,https://boxd.it/acjI,2.5
2022-09-20,Clash of the Titans,2010,https://boxd.it/1GfI,2.5
2022-09-20,Lemonade Mouth,2011,https://boxd.it/4bG,3
2022-09-20,Mars Attacks!,1996,https://boxd.it/2bd4,1.5
2022-09-20,Men in Black 3,2012,https://boxd.it/103U,2
2022-09-20,Fantastic Four,2005,https://boxd.it/1XVw,1.5
2022-09-20,Signs,2002,https://boxd.it/26t2,2.5
2022-09-20,Quantum of Solace,2008,https://boxd.it/1Vs8,2.5
2022-09-20,Unbreakable,2000,https://boxd.it/1XV2,3
2022-09-20,Halloween,2018,https://boxd.it/f0uE,2.5
2022-09-20,Ghost in the Shell,2017,https://boxd.it/abTA,2
2022-09-20,Dumb and Dumber,1994,https://boxd.it/206m,3.5
2022-09-20,Click,2006,https://boxd.it/1YVM,3
2022-09-20,X-Men Origins: Wolverine,2009,https://boxd.it/27ug,2
2022-09-20,Ted,2012,https://boxd.it/2pgc,3
2022-09-20,Rango,2011,https://boxd.it/QPk,2.5
2022-09-20,Ghostbusters,1984,https://boxd.it/g2w,2.5
2022-09-20,Moana,2016,https://boxd.it/8tfY,3
2022-09-20,Dunkirk,2017,https://boxd.it/d0Y6,3.5
2022-09-20,American Pie 2,2001,https://boxd.it/26kO,2
2022-09-20,Meet the Parents,2000,https://boxd.it/28vE,2.5
2022-09-20,From Dusk Till Dawn,1996,https://boxd.it/29HQ,2.5
2022-09-20,Night at the Museum,2006,https://boxd.it/28wi,2
2022-09-20,Alice in Wonderland,2010,https://boxd.it/1Spq,2.5
2022-09-20,The Terminator,1984,https://boxd.it/2aQY,3
2022-09-20,Deadpool,2016,https://boxd.it/9fOC,3.5
2022-09-20,I Am Number Four,2011,https://boxd.it/MXY,2.5
2022-09-20,Elysium,2013,https://boxd.it/2cBm,3
2022-09-20,In Time,2011,https://boxd.it/FPS,2
2022-09-20,White Chicks,2004,https://boxd.it/1SpK,2.5
2022-09-20,Zootopia,2016,https://boxd.it/84xS,2.5
2022-09-20,Dumb and Dumber To,2014,https://boxd.it/3qPk,2.5
2022-09-20,The Mummy,2017,https://boxd.it/8HnW,1
2022-09-20,Sinister,2012,https://boxd.it/2TnW,2
2022-09-20,Mission: Impossible,1996,https://boxd.it/29d2,3
2022-09-20,The Road,2009,https://boxd.it/1CWI,4
2022-09-20,8 Mile,2002,https://boxd.it/2bew,3.5
2022-09-20,Léon: The Professional,1994,https://boxd.it/2b8S,4.5
2022-09-20,The Mummy: Tomb of the Dragon Emperor,2008,https://boxd.it/28ci,3
2022-09-20,Super 8,2011,https://boxd.it/dVI,3.5
2022-09-20,District 9,2009,https://boxd.it/1Iik,3.5
2022-09-20,Pitch Perfect,2012,https://boxd.it/3OsE,3.5
2022-09-20,The Conjuring,2013,https://boxd.it/4sr2,3.5
2022-09-20,Thor: The Dark World,2013,https://boxd.it/2DqA,1.5
2022-09-20,Venom,2018,https://boxd.it/b8wA,2.5
2022-09-20,Bumblebee,2018,https://boxd.it/f21O,2
2022-09-20,Edge of Tomorrow,2014,https://boxd.it/4pD0,3.5
2022-09-20,The Imitation Game,2014,https://boxd.it/6aig,3.5
2022-09-20,Superbad,2007,https://boxd.it/20hO,3
2022-09-20,Baby Driver,2017,https://boxd.it/bhF2,2.5
2022-09-20,Ender's Game,2013,https://boxd.it/2N9Y,2.5
2022-09-20,Ghost Rider,2007,https://boxd.it/290M,1.5
2022-09-20,Green Lantern,2011,https://boxd.it/QN4,1.5
2022-09-20,The Secret Life of Walter Mitty,2013,https://boxd.it/3SWy,0.5
2022-09-20,The Incredible Hulk,2008,https://boxd.it/28dU,2
2022-09-20,Meet the Fockers,2004,https://boxd.it/29NE,3
2022-09-20,Ted 2,2015,https://boxd.it/6oCY,3
2022-09-20,Pitch Perfect 2,2015,https://boxd.it/7tNa,2.5
2022-09-20,"I, Robot",2004,https://boxd.it/27y8,3
2022-09-20,The Ring,2002,https://boxd.it/2a70,2
2022-09-20,Charlie and the Chocolate Factory,2005,https://boxd.it/2b68,2
2022-09-20,E.T. the Extra-Terrestrial,1982,https://boxd.it/2a1G,3
2022-09-20,Thor,2011,https://boxd.it/1WQU,2
2022-09-20,Doctor Strange,2016,https://boxd.it/8MH8,2.5
2022-09-20,"Me, Myself & Irene",2000,https://boxd.it/27nY,2.5
2022-09-20,A Million Ways to Die in the West,2014,https://boxd.it/5H9k,2
2022-09-20,How to Lose a Guy in 10 Days,2003,https://boxd.it/1XwG,2
2022-09-20,Passengers,2016,https://boxd.it/8lFu,3
2022-09-20,Gran Torino,2008,https://boxd.it/1Qzy,3.5
2022-09-20,Sweeney Todd: The Demon Barber of Fleet Street,2007,https://boxd.it/1PcS,2
2022-09-20,The 40 Year Old Virgin,2005,https://boxd.it/21hK,2.5
2022-09-20,Now You See Me,2013,https://boxd.it/2Bsu,2.5
2022-09-20,Terminator Salvation,2009,https://boxd.it/2abQ,2.5
2022-09-20,Just Go with It,2011,https://boxd.it/Doq,2.5
2022-09-20,War of the Worlds,2005,https://boxd.it/2bde,3
2022-09-20,The Pursuit of Happyness,2006,https://boxd.it/28PE,4
2022-09-20,Kick-Ass,2010,https://boxd.it/1zaQ,4
2022-09-20,Cars,2006,https://boxd.it/29ho,4
2022-09-20,Split,2016,https://boxd.it/dgSy,2.5
2022-09-20,Ant-Man,2015,https://boxd.it/3vmW,2.5
2022-09-20,The Lobster,2015,https://boxd.it/7tnw,3
2022-09-20,G.I. Joe: The Rise of Cobra,2009,https://boxd.it/1Ndu,2
2022-09-20,RoboCop,2014,https://boxd.it/3m4k,1.5
2022-09-20,Percy Jackson & the Olympians: The Lightning Thief,2010,https://boxd.it/1gJi,1.5
2022-09-20,Kong: Skull Island,2017,https://boxd.it/9ewM,2
2022-09-20,Indiana Jones and the Temple of Doom,1984,https://boxd.it/2bb8,3.5
2022-09-20,Looper,2012,https://boxd.it/ham,4
2022-09-20,Incredibles 2,2018,https://boxd.it/7IPg,2.5
2022-09-20,The Green Hornet,2011,https://boxd.it/10TQ,2
2022-09-20,Cowboys & Aliens,2011,https://boxd.it/F2G,2
2022-09-20,The Beach,2000,https://boxd.it/27T6,2.5
2022-09-20,Insurgent,2015,https://boxd.it/7NNa,2
2022-09-20,Anchorman 2: The Legend Continues,2013,https://boxd.it/3GNk,2
2022-09-20,Bad Boys,1995,https://boxd.it/1XVG,3
2022-09-20,The Bourne Identity,2002,https://boxd.it/26EO,3
2022-09-20,Ant-Man and the Wasp,2018,https://boxd.it/cqUW,2.5
2022-09-20,Allegiant,2016,https://boxd.it/7NNE,2
2022-09-20,Olympus Has Fallen,2013,https://boxd.it/3TMY,1.5
2022-09-20,Hellboy II: The Golden Army,2008,https://boxd.it/1Ug6,3
2022-09-20,Chappie,2015,https://boxd.it/5Y3e,2.5
2022-09-20,Home Alone 2: Lost in New York,1992,https://boxd.it/29F6,3
2022-09-20,Slumdog Millionaire,2008,https://boxd.it/1S3E,4
2022-09-20,Justice League,2017,https://boxd.it/4w68,1.5
2022-09-20,Deadpool 2,2018,https://boxd.it/dlLM,3
2022-09-20,The Killing of a Sacred Deer,2017,https://boxd.it/dZ5G,3
2022-09-20,Knowing,2009,https://boxd.it/1Pmy,2
2022-09-20,The Intern,2015,https://boxd.it/7AOE,3.5
2022-09-20,Spider-Man,2002,https://boxd.it/2a8i,3
2022-09-20,Guardians of the Galaxy,2014,https://boxd.it/3VH2,2.5
2022-09-20,Hellboy,2004,https://boxd.it/28HK,2.5
2022-09-20,Star Trek Beyond,2016,https://boxd.it/5Ik4,2
2022-09-20,Training Day,2001,https://boxd.it/27A4,4
2022-09-20,Alita: Battle Angel,2019,https://boxd.it/e0rS,2.5
2022-09-20,Indiana Jones and the Kingdom of the Crystal Skull,2008,https://boxd.it/2aR8,2.5
2022-09-20,Alien: Covenant,2017,https://boxd.it/49UY,2.5
2022-09-20,John Wick: Chapter 2,2017,https://boxd.it/ayGu,2.5
2022-09-20,Twilight,2008,https://boxd.it/1Zui,1
2022-09-20,The Notebook,2004,https://boxd.it/1UNE,2
2022-09-20,The Hunger Games: Mockingjay - Part 1,2014,https://boxd.it/4hka,2
2022-09-20,Suicide Squad,2016,https://boxd.it/9row,2
2022-09-20,Shooter,2007,https://boxd.it/20TS,3
2022-09-20,Oblivion,2013,https://boxd.it/2Bzq,3
2022-09-20,National Treasure: Book of Secrets,2007,https://boxd.it/21rq,3
2022-09-20,The Day After Tomorrow,2004,https://boxd.it/2aog,3.5
2022-09-20,The Mummy,1999,https://boxd.it/2a7a,3
2022-09-20,Prometheus,2012,https://boxd.it/2s9e,2.5
2022-09-20,Bird Box,2018,https://boxd.it/eh1i,2.5
2022-09-20,Jurassic World,2015,https://boxd.it/4n0g,2
2022-09-20,Captain Marvel,2019,https://boxd.it/9vSA,2
2022-09-20,The Town,2010,https://boxd.it/1zyS,4
2022-09-20,TRON: Legacy,2010,https://boxd.it/1Dlo,3
2022-09-20,P.S. I Love You,2007,https://boxd.it/229C,2
2022-09-20,Terminator Genisys,2015,https://boxd.it/35s0,2.5
2022-09-20,Mission: Impossible III,2006,https://boxd.it/29cI,2
2022-09-20,The Karate Kid,1984,https://boxd.it/27Wk,2
2022-09-20,The Wolverine,2013,https://boxd.it/2CWU,2.5
2022-09-20,Iron Man,2008,https://boxd.it/28dA,4
2022-09-20,Star Trek,2009,https://boxd.it/1Q6c,2
2022-09-20,Snow White and the Huntsman,2012,https://boxd.it/k1M,2.5
2022-09-20,Real Steel,2011,https://boxd.it/147m,2
2022-09-20,Jupiter Ascending,2015,https://boxd.it/2Evm,1
2022-09-20,Life of Pi,2012,https://boxd.it/37pC,3.5
2022-09-20,Spider-Man 2,2004,https://boxd.it/2a88,4
2022-09-20,Extremely Loud & Incredibly Close,2011,https://boxd.it/Ju,3.5
2022-09-20,The Blind Side,2009,https://boxd.it/1zWg,3.5
2022-09-20,Sherlock Holmes: A Game of Shadows,2011,https://boxd.it/k3S,3
2022-09-20,Pirates of the Caribbean: Dead Men Tell No Tales,2017,https://boxd.it/5a9m,2.5
2022-09-20,The Lost World: Jurassic Park,1997,https://boxd.it/2azS,2.5
2022-09-20,Twelve Monkeys,1995,https://boxd.it/2beQ,3.5
2022-09-20,Sherlock Holmes,2009,https://boxd.it/1W2A,3
2022-09-20,The Matrix Revolutions,2003,https://boxd.it/2a12,2.5
2022-09-20,Glass,2019,https://boxd.it/g3uO,2.5
2022-09-20,Kingsman: The Secret Service,2014,https://boxd.it/6dxe,2
2022-09-20,John Wick: Chapter 3 - Parabellum,2019,https://boxd.it/gmFw,3
2022-09-20,Iron Man 3,2013,https://boxd.it/2cBQ,2.5
2022-09-20,Harry Potter and the Deathly Hallows: Part 2,2011,https://boxd.it/1RYk,3.5
2022-09-20,National Treasure,2004,https://boxd.it/27x0,2.5
2022-09-20,The Hurt Locker,2008,https://boxd.it/1Soi,3
2022-09-20,Mission: Impossible - Rogue Nation,2015,https://boxd.it/5rI4,2.5
2022-09-20,Pacific Rim,2013,https://boxd.it/2cB2,2.5
2022-09-20,Thor: Ragnarok,2017,https://boxd.it/8MHi,2.5
2022-09-20,John Carter,2012,https://boxd.it/FQ2,2
2022-09-20,Star Trek Into Darkness,2013,https://boxd.it/uYE,2
2022-09-20,X-Men: First Class,2011,https://boxd.it/FOA,2.5
2022-09-20,X-Men: Days of Future Past,2014,https://boxd.it/4aRw,4
2022-09-20,Shazam!,2019,https://boxd.it/8WBu,2.5
2022-09-20,V for Vendetta,2005,https://boxd.it/29Ik,3.5
2022-09-20,Fantastic Beasts and Where to Find Them,2016,https://boxd.it/7FPC,2.5
2022-09-20,Mission: Impossible - Ghost Protocol,2011,https://boxd.it/psI,2.5
2022-09-20,Rogue One: A Star Wars Story,2016,https://boxd.it/aPvy,3
2022-09-20,Spider-Man: Homecoming,2017,https://boxd.it/aboM,3.5
2022-09-20,Snowden,2016,https://boxd.it/9CWO,3
2022-09-20,Fantastic Beasts: The Crimes of Grindelwald,2018,https://boxd.it/bg8G,2
2022-09-20,Waterworld,1995,https://boxd.it/1XLG,2.5
2022-09-20,Love Actually,2003,https://boxd.it/2aeU,3
2022-09-20,Solo: A Star Wars Story,2018,https://boxd.it/bGWs,2.5
2022-09-20,It,2017,https://boxd.it/bC8e,3
2022-09-20,Black Panther,2018,https://boxd.it/8MHs,2.5
2022-09-20,Valerian and the City of a Thousand Planets,2017,https://boxd.it/biYY,2
2022-09-20,Star Wars: Episode I - The Phantom Menace,1999,https://boxd.it/27Vc,2
2022-09-20,The Amazing Spider-Man,2012,https://boxd.it/27PI,2.5
2022-09-20,A Star Is Born,2018,https://boxd.it/aXgc,2.5
2022-09-20,Captain America: The Winter Soldier,2014,https://boxd.it/3r58,4.5
2022-09-20,Star Wars: The Force Awakens,2015,https://boxd.it/4vru,2
2022-09-20,The Rock,1996,https://boxd.it/1XM0,2.5
2022-09-20,Pirates of the Caribbean: On Stranger Tides,2011,https://boxd.it/27Z4,2.5
2022-09-20,The Hunger Games: Mockingjay - Part 2,2015,https://boxd.it/4hk0,2.5
2022-09-20,Guardians of the Galaxy Vol. 2,2017,https://boxd.it/8MxC,2
2022-09-20,Flight,2012,https://boxd.it/35Ca,4.5
2022-09-20,Hulk,2003,https://boxd.it/27PS,1.5
2022-09-20,The Matrix Reloaded,2003,https://boxd.it/2a1c,2
2022-09-20,Harry Potter and the Order of the Phoenix,2007,https://boxd.it/29Qe,2.5
2022-09-20,Godzilla,1998,https://boxd.it/29fW,3
2022-09-20,As Good as It Gets,1997,https://boxd.it/268y,3
2022-09-20,Divergent,2014,https://boxd.it/4VT0,2.5
2022-09-20,Hacksaw Ridge,2016,https://boxd.it/azew,3.5
2022-09-20,Spider-Man 3,2007,https://boxd.it/2a7Y,2.5
2022-09-20,The Karate Kid,2010,https://boxd.it/15HA,2.5
2022-09-20,Red Sparrow,2018,https://boxd.it/e7Pi,2
2022-09-20,Apollo 13,1995,https://boxd.it/2a6G,3
2022-09-20,Ready Player One,2018,https://boxd.it/aZes,2.5
2022-09-20,Star Wars: Episode III - Revenge of the Sith,2005,https://boxd.it/27US,4
2022-09-20,Batman Begins,2005,https://boxd.it/2aIg,3
2022-09-20,Kingsman: The Golden Circle,2017,https://boxd.it/buJm,2
2022-09-20,Wonder Woman,2017,https://boxd.it/9roG,2.5
2022-09-20,Catch Me If You Can,2002,https://boxd.it/29VS,4
2022-09-20,The Martian,2015,https://boxd.it/8SeG,3.5
2022-09-20,Avengers: Age of Ultron,2015,https://boxd.it/3qi6,3
2022-09-20,The Amazing Spider-Man 2,2014,https://boxd.it/3utM,2.5
2022-09-20,Terminator 2: Judgment Day,1991,https://boxd.it/2aGY,4
2022-09-20,Star Wars: Episode II - Attack of the Clones,2002,https://boxd.it/27V2,2
2022-09-20,The Hunger Games,2012,https://boxd.it/2uds,4
2022-09-20,Blood Diamond,2006,https://boxd.it/28Tm,3
2022-09-20,Transformers,2007,https://boxd.it/280c,3
2022-09-20,"The Chronicles of Narnia: The Lion, the Witch and the Wardrobe",2005,https://boxd.it/2ark,3
2022-09-20,Cast Away,2000,https://boxd.it/20i8,4
2022-09-20,Man of Steel,2013,https://boxd.it/FRk,3
2022-09-20,Skyfall,2012,https://boxd.it/17Fc,3
2022-09-20,Pirates of the Caribbean: The Curse of the Black Pearl,2003,https://boxd.it/70G,3
2022-09-20,The Avengers,2012,https://boxd.it/1xFW,3.5
2022-09-20,The Hobbit: The Battle of the Five Armies,2014,https://boxd.it/43aU,2.5
2022-09-20,X-Men: Apocalypse,2016,https://boxd.it/7eJi,2
2022-09-20,Casino Royale,2006,https://boxd.it/1alk,4
2022-09-20,Black Hawk Down,2001,https://boxd.it/29rI,3.5
2022-09-20,Independence Day,1996,https://boxd.it/2a1w,3
2022-09-20,Minority Report,2002,https://boxd.it/2aWi,3
2022-09-20,The Hunger Games: Catching Fire,2013,https://boxd.it/3sAw,3
2022-09-20,Harry Potter and the Deathly Hallows: Part 1,2010,https://boxd.it/1RYu,3
2022-09-20,Bad Boys II,2003,https://boxd.it/1ZuW,3
2022-09-20,Mission: Impossible - Fallout,2018,https://boxd.it/bSVc,2.5
2022-09-20,Captain America: Civil War,2016,https://boxd.it/89Ja,4
2022-09-20,Spectre,2015,https://boxd.it/6bXY,2.5
2022-09-20,The Lone Ranger,2013,https://boxd.it/ngU,2
2022-09-20,Transformers: Revenge of the Fallen,2009,https://boxd.it/20gG,3
2022-09-20,The Chronicles of Narnia: Prince Caspian,2008,https://boxd.it/26Hy,2
2022-09-20,Contact,1997,https://boxd.it/29OM,4
2022-09-20,Armageddon,1998,https://boxd.it/2b9Q,3
2022-09-20,Pirates of the Caribbean: Dead Man's Chest,2006,https://boxd.it/2bfk,3
2022-09-20,Batman v Superman: Dawn of Justice,2016,https://boxd.it/6fBW,2
2022-09-20,Harry Potter and the Philosopher's Stone,2001,https://boxd.it/29QS,3
2022-09-20,Star Wars: The Last Jedi,2017,https://boxd.it/5xme,2
2022-09-20,Harry Potter and the Half-Blood Prince,2009,https://boxd.it/29FU,3
2022-09-20,Transformers: Dark of the Moon,2011,https://boxd.it/16aC,2
2022-09-20,Superman Returns,2006,https://boxd.it/28J2,1
2022-09-20,Harry Potter and the Goblet of Fire,2005,https://boxd.it/29Qo,3
2022-09-20,2012,2009,https://boxd.it/1OE2,1.5
2022-09-20,The Hobbit: The Desolation of Smaug,2013,https://boxd.it/nmS,2.5
2022-09-20,Harry Potter and the Chamber of Secrets,2002,https://boxd.it/29QI,3
2022-09-20,Avatar,2009,https://boxd.it/1Efm,2.5
2022-09-20,Watchmen,2009,https://boxd.it/1QE4,4
2022-09-20,Transformers: Age of Extinction,2014,https://boxd.it/3d1m,2
2022-09-20,The Dark Knight Rises,2012,https://boxd.it/H3m,3.5
2022-09-20,Pirates of the Caribbean: At World's End,2007,https://boxd.it/2aGu,3
2022-09-20,The Hobbit: An Unexpected Journey,2012,https://boxd.it/GZk,2.5
2022-09-20,Titanic,1997,https://boxd.it/2a2k,2
2022-09-20,The Hateful Eight,2015,https://boxd.it/8gw8,4
2022-09-20,King Kong,2005,https://boxd.it/2aLa,3.5
2022-09-20,Avengers: Endgame,2019,https://boxd.it/9vE4,3.5
2022-09-20,The Proposal,2009,https://boxd.it/1HiS,2.5
2022-09-20,Iron Man 2,2010,https://boxd.it/1WZM,2
2022-09-20,Constantine,2005,https://boxd.it/2a7E,2
2022-09-21,United 93,2006,https://boxd.it/1XHY,2.5
2022-09-25,Rise of the Guardians,2012,https://boxd.it/2PXw,3.5
2022-09-25,Brave,2012,https://boxd.it/bVG,2.5
2022-09-27,Little Miss Sunshine,2006,https://boxd.it/29EW,3
2022-09-28,Nope,2022,https://boxd.it/sDCe,4
2022-09-30,Fantastic Beasts: The Secrets of Dumbledore,2022,https://boxd.it/bg8Q,1.5
2022-09-30,The Goonies,1985,https://boxd.it/1YVC,2
2022-09-30,Network,1976,https://boxd.it/1VqG,3
2022-09-30,House,1977,https://boxd.it/1vsm,2.5
2022-09-30,The Shape of Water,2017,https://boxd.it/dZ5m,3.5
2022-09-30,Primal Fear,1996,https://boxd.it/28ws,3.5
2022-10-25,GoodFellas,1990,https://boxd.it/29FA,4
2022-10-25,Bones and All,2022,https://boxd.it/tLd4,2.5
2022-10-25,Thor: Love and Thunder,2022,https://boxd.it/mMAY,2.5
2022-10-25,Doctor Strange in the Multiverse of Madness,2022,https://boxd.it/gaTc,2
2022-10-25,A Bug's Life,1998,https://boxd.it/1Yyy,2
2022-10-25,Cars 2,2011,https://boxd.it/H4Y,1.5
2022-11-11,Mr. Bean's Holiday,2007,https://boxd.it/28Yc,3
2022-11-15,Arrival,2016,https://boxd.it/aNGk,4
2022-12-03,It's a Wonderful Life,1946,https://boxd.it/28xA,4
2022-12-08,Big Fish,2003,https://boxd.it/2a3M,1.5
2022-12-08,A Nightmare on Elm Street,2010,https://boxd.it/1zdg,2.5
2022-12-08,Tinker Tailor Soldier Spy,2011,https://boxd.it/FRY,4
2022-12-08,Memories of Murder,2003,https://boxd.it/1TSo,3.5
2022-12-23,Avatar: The Way of Water,2022,https://boxd.it/2E2E,2.5
2023-01-02,Knives Out,2019,https://boxd.it/jWEA,3.5
2023-01-02,Glass Onion,2022,https://boxd.it/oCkK,3.5
2023-02-04,The Exorcist,1973,https://boxd.it/1Yoo,3.5
2023-02-11,The Menu,2022,https://boxd.it/lScm,4
2023-02-23,A Quiet Place,2018,https://boxd.it/fVJQ,3
2023-02-23,Babylon,2022,https://boxd.it/mM02,3
2023-02-23,The Hunt,2012,https://boxd.it/3wEC,5
2023-03-09,Being John Malkovich,1999,https://boxd.it/2ahu,4.5
2023-03-14,Decision to Leave,2022,https://boxd.it/qp9e,4
2023-03-20,The Banshees of Inisherin,2022,https://boxd.it/p7XS,4
2023-03-20,Black Swan,2010,https://boxd.it/Sw0,4
2023-03-20,A Quiet Place Part II,2020,https://boxd.it/iTx0,2.5
2023-03-20,Oldboy,2003,https://boxd.it/29R2,4
2023-03-20,A Man Called Otto,2022,https://boxd.it/zl06,3
2023-03-21,Spirited Away,2001,https://boxd.it/2b4m,1.5
2023-03-28,Moonlight,2016,https://boxd.it/d6bE,1.5
2023-03-28,Uncut Gems,2019,https://boxd.it/gXGc,3
2023-03-28,Monsters,2010,https://boxd.it/Tdy,2.5
2023-03-28,World War Z,2013,https://boxd.it/2p2E,3
2023-03-28,12 Angry Men,1957,https://boxd.it/2auI,5
2023-04-05,The Father,2020,https://boxd.it/m8Ie,4
2023-04-07,Aliens,1986,https://boxd.it/29PA,3.5
2023-04-07,Once Upon a Time… in Hollywood,2019,https://boxd.it/gH0O,3.5
2023-04-08,Portrait of a Lady on Fire,2019,https://boxd.it/jkPq,4
2023-04-09,Drive,2011,https://boxd.it/IG,3.5
2023-04-09,Bicycle Thieves,1948,https://boxd.it/23hW,2
2023-04-12,Ant-Man and the Wasp: Quantumania,2023,https://boxd.it/nL2y,2
2023-04-12,Captain America: The First Avenger,2011,https://boxd.it/28b0,2.5
2023-04-17,The Disappearance of Haruhi Suzumiya,2010,https://boxd.it/19Ds,4.5
2023-04-18,Train to Busan,2016,https://boxd.it/dSQU,3
2023-04-18,Rashomon,1950,https://boxd.it/2a9K,2
2023-04-18,TÁR,2022,https://boxd.it/uNIA,4.5
2023-04-24,Chronicle,2012,https://boxd.it/2Emk,2.5
2023-04-29,Silver Linings Playbook,2012,https://boxd.it/2TTo,3
2023-04-29,Eternal Sunshine of the Spotless Mind,2004,https://boxd.it/6YK,3.5
2023-04-30,Triangle of Sadness,2022,https://boxd.it/hXlq,3.5
2023-04-30,There Will Be Blood,2007,https://boxd.it/20Z2,4.5
2023-05-03,Another Round,2020,https://boxd.it/lkba,4
2023-05-06,The Handmaiden,2016,https://boxd.it/948A,4.5
2023-05-10,L.A. Confidential,1997,https://boxd.it/27oC,2.5
2023-05-10,Hamilton,2020,https://boxd.it/kmvE,4
2023-05-11,One Flew Over the Cuckoo's Nest,1975,https://boxd.it/2aeA,3.5
2023-05-12,Guardians of the Galaxy Vol. 3,2023,https://boxd.it/fVNI,3
2023-05-12,Black Panther: Wakanda Forever,2022,https://boxd.it/igPu,2.5
2023-05-16,Ex Machina,2014,https://boxd.it/7T2k,3.5
2023-05-16,Paprika,2006,https://boxd.it/23wW,4
2023-05-21,A Few Good Men,1992,https://boxd.it/29nw,3.5
2023-05-22,The Big Short,2015,https://boxd.it/ajZw,3
2023-06-07,John Wick: Chapter 4,2023,https://boxd.it/mh48,3.5
2023-06-15,Spider-Man: Into the Spider-Verse,2018,https://boxd.it/azpY,4.5
2023-06-15,Spider-Man: Across the Spider-Verse,2023,https://boxd.it/kSz4,4.5
2023-06-27,Colonia,2015,https://boxd.it/ajm0,2.5
2023-06-30,The Godfather,1972,https://boxd.it/2aNK,4
2023-06-30,The Godfather: Part II,1974,https://boxd.it/2aNq,4
